name , age , email , division , telephone , sex 
김윤호, 17, wgm1wviv@random.com, y3o, 010-3-8633, femail
장윤연, 78, wjt96epd@random.com, 5bf, 010-1-4716, femail
조윤호, 78, cyvlbke8@random.com, h09, 010-1-4716, femail
강채후, 65, dtgyegs4@random.com, 3n0, 010-8-5481, mail
강민호, 65, 2w8zqayz@random.com, uxa, 010-8-5481, mail
조주준, 24, qsber294@random.com, rdf, 010-1-4916, mail
장윤원, 24, 4x9ju2l1@random.com, 62r, 010-1-4916, mail
임서진, 16, o1tff949@random.com, s8e, 010-5-.550, mail
최지준, 16, q511kiqe@random.com, fpe, 010-5-.550, femail
이서호, 57, 5e2qkd1q@random.com, wae, 010-1-5511, mail
정서서, 57, q2vvf7zx@random.com, e6e, 010-1-5511, femail
정지원, 15, 3y8o3plp@random.com, 4cz, 010-2-4923, femail
김예준, 43, ys5azvf3@random.com, lq8, 010-1-5215, femail
최현아, 43, is6llvjj@random.com, fi1, 010-1-5215, mail
조민준, 14, pflqpzeq@random.com, 5tg, 010-1-5315, mail
조서우, 14, tmhef0ni@random.com, d86, 010-1-5315, mail
조하진, 92, x3unhicc@random.com, iq9, 010-1-5414, mail
장채아, 92, 50s5huuv@random.com, rkc, 010-1-5414, femail
강예윤, 48, 18orvseb@random.com, piu, 010-5-5551, mail
윤지후, 46, v0ibp8ie@random.com, l0j, 010-6-5561, femail
조도은, 27, bvrpmihf@random.com, 4wk, 010-1-5714, mail
강하은, 66, zwacw69e@random.com, oay, 010-1-5913, femail
임도호, 14, nax8p5br@random.com, 93z, 010-3-4933, mail
임지서, 66, lwlnrnrt@random.com, tkz, 010-1-5913, femail
장윤진, 42, qdvwixl5@random.com, bq1, 010-1-6013, mail
박도후, 42, 7yhb9isc@random.com, rtc, 010-1-6013, mail
김예연, 08, 632tnb54@random.com, bav, 010-1-6113, mail
이도호, 08, 32u8go95@random.com, jct, 010-1-6113, mail
조주은, 28, o0m1xr9d@random.com, 5em, 010-2-5621, femail
조현연, 28, 6jj6ypkc@random.com, nu6, 010-2-5621, femail
강지서, 58, onk0nwc6@random.com, zmh, 010-1-6312, mail
윤현준, 02, iqvkrike@random.com, lwd, 010-1-6512, femail
강민우, 73, 5t2ek08g@random.com, 3xz, 010-1-6611, mail
이도연, 04, yzsvlv96@random.com, 3f3, 010-3-9431, mail
김지후, 73, pyd7m0ow@random.com, unb, 010-1-6611, femail
정지아, 15, fviw4cox@random.com, a0a, 010-7-5671, mail
김하준, 15, hpxcba69@random.com, 6j9, 010-7-5671, femail
임민윤, 33, cwrdd9h8@random.com, 18p, 010-1-6811, femail
강지진, 33, wpius233@random.com, r5q, 010-1-6811, mail
정지후, 94, dsnx95bu@random.com, a69, 010-1-6910, mail
김하원, 82, ci4pr22i@random.com, 5ep, 010-1-7010, mail
김현우, 82, jv8n7inl@random.com, gyn, 010-1-7010, mail
이지준, 05, hg40z5ru@random.com, 6q4, 010-1-5711, femail
강지윤, 16, tod09o5q@random.com, tga, 010-1-7210, mail
정주연, 04, zrkeflff@random.com, 3uf, 010-3-9530, mail
조채호, 99, zcwm5v99@random.com, c68, 010-0-7309, mail
강주서, 97, fe9sf6h6@random.com, afd, 010-4-5740, femail
강주원, 37, 06zigsve@random.com, sor, 010-0-7509, mail
이예은, 37, j28c5wjh@random.com, f7k, 010-0-7509, mail
장도서, 08, al9l2h53@random.com, ia5, 010-0-7609, mail
박예준, 08, 1u0qutvo@random.com, vdm, 010-0-7609, mail
박예우, 76, rwu0us8l@random.com, n1h, 010-0-7708, femail
정하서, 76, v4dt14i1@random.com, ebt, 010-0-7708, mail
강윤윤, 52, pgqzxj35@random.com, la1, 010-0-7808, mail
최지윤, 52, wo8c2jy2@random.com, b44, 010-0-7808, mail
조서준, 74, kd39poxk@random.com, hs6, 010-3-9530, mail
정지우, 25, 8ka0s8tu@random.com, av0, 010-0-7908, femail
박지후, 25, ixkl5kyd@random.com, jxt, 010-0-7908, femail
이윤연, 25, 4g7a1cbv@random.com, snp, 010-0-7908, femail
임주윤, 08, 3cyl0ggt@random.com, qik, 010-8-.580, femail
조채서, 08, 1icn8hgx@random.com, 27l, 010-8-.580, mail
윤지윤, 73, fh5c9ipr@random.com, czw, 010-0-8107, mail
윤채연, 73, 2nbu04dr@random.com, ov2, 010-0-8107, femail
김주아, 46, pe0a90q7@random.com, u4o, 010-0-8207, femail
최지진, 46, 4wotvm2q@random.com, h6p, 010-0-8207, mail
강하진, 17, zp3sixq8@random.com, c45, 010-0-8307, mail
임채진, 43, zcs54sj5@random.com, swg, 010-3-9630, mail
김민후, 69, o5u4zaex@random.com, d11, 010-4-5840, mail
임주후, 69, as3rshec@random.com, lcb, 010-4-5840, femail
조서윤, 73, tn4o2th9@random.com, oim, 010-0-8506, mail
김주아, 73, tkal3z6e@random.com, ejk, 010-0-8506, femail
정윤우, 46, lst3rqfv@random.com, uzz, 010-0-8606, femail
임지윤, 46, qq4qip2p@random.com, c9a, 010-0-8606, femail
강도원, 12, oykuw0kz@random.com, 000, 010-0-8706, femail
윤서서, 87, tt1d6wc6@random.com, p42, 010-0-8805, femail
김채서, 87, pqhsgu17@random.com, 212, 010-0-8805, mail
이채은, 56, ltdagh7k@random.com, egb, 010-9-5890, mail
김하은, 43, lkgkwqit@random.com, fsi, 010-3-9630, mail
최도윤, 56, 1safuw3g@random.com, mi6, 010-9-5890, femail
강현아, 33, 03pw98c7@random.com, 2b6, 010-0-9005, mail
최도우, 33, r675cm4z@random.com, rz8, 010-0-9005, mail
장지은, 04, qtfl2qoy@random.com, pkt, 010-0-9105, mail
장지진, 04, ht68kdl6@random.com, d8m, 010-0-9105, mail
조지원, 48, k4o8u0ic@random.com, 39d, 010-2-5920, femail
조채서, 48, 0y7nul54@random.com, cu4, 010-2-5920, femail
장윤서, 52, o3y0zs3s@random.com, ekh, 010-0-9304, mail
박윤윤, 52, esd0hxba@random.com, lif, 010-0-9304, mail
이예서, 23, qn9ltq1d@random.com, 3rl, 010-0-9404, mail
이지후, 02, 7hkx9ed1@random.com, o4d, 010-7-4973, mail
이지준, 23, usav056s@random.com, f6r, 010-0-9404, mail
조예진, 04, 7ki3xdby@random.com, i4u, 010-9-.595, mail
김채준, 04, 9n4aujp1@random.com, cni, 010-9-.595, mail
최예아, 76, c06oh4pg@random.com, ml0, 010-0-9603, mail
조채진, 76, bt9933me@random.com, mm8, 010-0-9603, mail
최도연, 47, s3i7ghff@random.com, q01, 010-0-9703, mail
조하준, 47, e7bteqe7@random.com, if9, 010-0-9703, mail
임하원, 15, huvubbhz@random.com, j6f, 010-0-9803, femail
조지진, 93, 03jrnu2m@random.com, 5jh, 010-0-9902, mail
조예아, 93, yzz9b8bn@random.com, css, 010-0-9902, femail
윤채은, 86, 892pw7w7@random.com, vwq, 010-2-9829, mail
박지우, 73, h6jmz210@random.com, i2o, 010-0-0002, mail
조하서, 73, mee116u0@random.com, h4w, 010-0-0002, femail
이도서, 46, 9jfs7s64@random.com, 7ur, 010-0-0102, femail
장예원, 46, ar0uevkk@random.com, q3t, 010-0-0102, mail
최주준, 17, 3ay42n18@random.com, y6x, 010-0-0202, mail
조지호, 17, 0csc6bwc@random.com, y4a, 010-0-0202, mail
김주호, 19, cpcmayd7@random.com, vbs, 010-3-6030, femail
조지원, 19, ihvlq1pn@random.com, yf9, 010-3-6030, femail
임예호, 68, iarz2e8u@random.com, r85, 010-0-0401, femail
김주은, 14, jp2bc43c@random.com, 5dj, 010-5-6050, mail
임현윤, 86, nvotb4tu@random.com, 31s, 010-2-9829, femail
최지은, 17, 0doe3t7w@random.com, i6j, 010-3-8633, mail
최민후, 14, 3khkw35m@random.com, 60l, 010-5-6050, femail
강현아, 16, aqe942k7@random.com, xdv, 010-0-0601, femail
이윤우, 82, b135tq9m@random.com, c23, 010-0-0700, femail
김하후, 82, kdtjrnn2@random.com, i8a, 010-0-0700, femail
윤주호, 55, nfv7ff9z@random.com, 3ir, 010-0-0800, mail
윤지후, 55, 728bvl93@random.com, fyk, 010-0-0800, femail
강하서, 03, 03iq9qvs@random.com, k33, 010-9-6090, mail
윤지우, 03, 5eqvj3x9@random.com, y6n, 010-9-6090, femail
강민아, 04, fnfcqqzv@random.com, ozv, 010-0-1000, mail
장예윤, 04, lm17xsgt@random.com, 6nb, 010-0-1000, femail
박지준, 62, aznqn6if@random.com, 1s2, 010-2-9929, mail
김하서, 74, ph382r2t@random.com, mj3, 010-9-1099, mail
최지호, 74, wcpw4zxn@random.com, 2iy, 010-9-1099, mail
윤도윤, 95, 2w1zxk8n@random.com, hig, 010-1-6119, mail
조도진, 95, s3xni16k@random.com, gvg, 010-1-6119, mail
정윤은, 25, onqlqnhz@random.com, 5r3, 010-9-1299, mail
박하진, 25, glall14t@random.com, o92, 010-9-1299, femail
박민연, 98, 57gqyfm1@random.com, lzs, 010-9-1398, femail
이서준, 67, gtsazbvu@random.com, bzv, 010-9-1498, mail
강민호, 67, jssadhox@random.com, c4w, 010-9-1498, mail
정현아, 44, j0idlknb@random.com, wsr, 010-9-1598, femail
임하아, 62, 9fdsf1la@random.com, mqk, 010-2-9929, mail
박예우, 44, 2x643nwd@random.com, cyr, 010-9-1598, mail
윤채연, 15, sh00yqra@random.com, uvm, 010-9-1698, femail
박지연, 15, ltplton2@random.com, cfs, 010-9-1698, mail
이현후, 88, gyfxad8a@random.com, tnn, 010-9-1797, femail
이윤준, 88, d2bhoywc@random.com, gqu, 010-9-1797, mail
장도원, 64, nki8r0lj@random.com, v1u, 010-9-1897, femail
정지은, 64, 9z6yscjz@random.com, nkl, 010-9-1897, femail
최하윤, 37, ddmvdtwc@random.com, 2n8, 010-9-1997, mail
이주은, 37, zfcmfj30@random.com, oh5, 010-9-1997, mail
임지호, 05, byj9f5q8@random.com, z7p, 010-9-2097, mail
정예원, 94, srhd9chq@random.com, e22, 010-0-5002, mail
윤도서, 05, qio28h9k@random.com, u7d, 010-9-2097, femail
박지은, 69, 659kj1p5@random.com, pyh, 010-1-6219, mail
장하윤, 69, nln6pbqt@random.com, yuk, 010-1-6219, mail
정윤호, 53, dnag5jua@random.com, tza, 010-9-2296, femail
윤채후, 53, 3i6u5rtn@random.com, 1ty, 010-9-2296, femail
박지아, 34, 5liiw0ir@random.com, kui, 010-9-2396, mail
이주서, 34, a7vcaha5@random.com, x3s, 010-9-2396, femail
조지원, 96, ac9xggtj@random.com, t4f, 010-2-.624, mail
조주서, 96, 0clkfd5p@random.com, tgo, 010-2-.624, femail
김예연, 57, 9clat62w@random.com, 6jb, 010-5-6259, femail
이예준, 15, ut15jn3v@random.com, pwr, 010-2-0129, femail
최예은, 57, ztgfn3go@random.com, doc, 010-5-6259, mail
박도연, 43, yxqqwlcr@random.com, j7e, 010-9-2695, femail
김지은, 43, 3h03qd50@random.com, a0d, 010-9-2695, femail
최주진, 16, rmv6oia5@random.com, t6o, 010-9-2795, femail
정지연, 16, ym7l8xu4@random.com, ly1, 010-9-2795, femail
이채우, 94, 1b41rgch@random.com, aoh, 010-9-2894, mail
김주원, 94, rfsvua4q@random.com, exl, 010-9-2994, mail
이지서, 67, 0byj56ms@random.com, o6r, 010-9-2994, mail
최지연, 67, 89chnauo@random.com, rcn, 010-9-2994, mail
정채아, 44, cjw9fgww@random.com, nwc, 010-0-6309, mail
윤현우, 15, azwbt1i5@random.com, e76, 010-2-0129, femail
이하진, 44, 500bsvy2@random.com, iz4, 010-0-6309, mail
박서아, 41, 8r6kns2w@random.com, bsl, 010-1-6319, mail
이서원, 41, owsp173d@random.com, hnh, 010-1-6319, mail
윤지우, 84, yeicmf0q@random.com, 68e, 010-9-3293, femail
정현서, 84, jkw2i886@random.com, kev, 010-9-3293, mail
정주서, 36, csqj0agw@random.com, 1xc, 010-3-6339, mail
임하우, 36, 3vkzkvry@random.com, ta0, 010-3-6339, femail
정주연, 32, g0sehqvw@random.com, ilk, 010-9-3493, mail
조도연, 32, jtbjxibk@random.com, 5h5, 010-9-3493, mail
이윤서, 03, eg7fabgx@random.com, 7ad, 010-9-3593, femail
임현윤, 83, ibrfipt3@random.com, 3px, 010-2-0228, femail
윤주원, 03, fa3iood1@random.com, jvb, 010-9-3593, mail
이지우, 03, tg5f2qs2@random.com, ugu, 010-9-3593, mail
임민연, 78, dyexb426@random.com, 0h1, 010-9-3692, femail
강도우, 78, 64kxz1p3@random.com, 6o5, 010-9-3692, mail
장도우, 51, sx7ery9w@random.com, d52, 010-9-3792, mail
정윤서, 51, t4vfvw0g@random.com, wam, 010-9-3792, femail
박현연, 25, 2rff87z0@random.com, 1w3, 010-9-3892, femail
강윤우, 25, 3r7y66qd@random.com, i84, 010-9-3892, mail
임민아, 98, utk7fsna@random.com, aim, 010-9-3991, mail
조주서, 98, les6ntzu@random.com, xdw, 010-9-3991, mail
강채서, 83, gn5sk3b8@random.com, n34, 010-2-0228, mail
임도원, 17, c2re8uz9@random.com, p9t, 010-0-6409, femail
임도윤, 17, usnrqg3l@random.com, fcn, 010-0-6409, mail
박예은, 17, pfbhejz8@random.com, rve, 010-0-6409, mail
조윤준, 46, fvw245od@random.com, 4wi, 010-9-4191, femail
최지서, 46, pqu10j9k@random.com, lqe, 010-9-4191, femail
정주은, 17, 518wuz0w@random.com, xdd, 010-9-4291, femail
강주서, 17, ve7r6omr@random.com, yt4, 010-9-4291, mail
박도은, 92, j8cmh9u8@random.com, 6xf, 010-9-4390, mail
장서후, 77, 2ajn417f@random.com, f0f, 010-9-4490, mail
정하윤, 77, nm968u3s@random.com, ktu, 010-9-4490, femail
이윤아, 56, 8l350d13@random.com, ab3, 010-2-0328, mail
최하은, 48, wejrrvw3@random.com, 3vb, 010-9-4590, mail
이하호, 48, 9x2hryzj@random.com, cc1, 010-9-4590, femail
박현은, 18, hhhz39lc@random.com, h9t, 010-9-4690, femail
강지우, 92, hije6oaz@random.com, 1re, 010-8-4789, mail
강현은, 92, borg7c1d@random.com, 6xx, 010-8-4789, femail
김서준, 62, sskhtk72@random.com, xlz, 010-8-4889, mail
조하진, 62, xuqi4tli@random.com, cnw, 010-8-4889, femail
이지호, 94, ksyqri9e@random.com, 3ex, 010-9-6498, femail
이예후, 94, xmsv6t5q@random.com, gad, 010-9-6498, femail
윤도아, 08, v7evr6tb@random.com, u02, 010-8-5089, femail
조예연, 56, pe16pkz0@random.com, 5fs, 010-2-0328, mail
조민진, 08, hva8llce@random.com, kls, 010-8-5089, femail
박도호, 86, 3lqvsvl2@random.com, p42, 010-8-5188, femail
이민서, 86, 1ini9l8p@random.com, of4, 010-8-5188, mail
정지준, 86, 11go2jrx@random.com, idc, 010-2-6528, mail
장지준, 86, jy2oba5p@random.com, qea, 010-2-6528, mail
조지서, 27, 1j8fl46c@random.com, 241, 010-8-5388, mail
윤민윤, 27, 4g6hebw8@random.com, x48, 010-8-5388, femail
김지연, 05, 6dkekuqb@random.com, ej6, 010-8-5488, femail
박민준, 74, qmecn6lw@random.com, 7q4, 010-8-5587, femail
김주원, 74, rh9guzxp@random.com, khp, 010-8-5587, mail
김지진, 84, zuy7zjjv@random.com, icc, 010-4-5042, femail
이현우, 83, 70v30pfa@random.com, 4p2, 010-3-8732, femail
조민윤, 54, lrzv31ss@random.com, tfj, 010-8-5687, femail
임주우, 54, ab6zjzvj@random.com, 1u4, 010-8-5687, femail
김지우, 27, 5imhz08w@random.com, 6on, 010-8-5787, femail
최도윤, 87, lmpfhh7y@random.com, vwi, 010-5-.658, mail
정채우, 87, 035lidcr@random.com, ai9, 010-5-.658, femail
강민연, 73, wxccy9ux@random.com, dx3, 010-8-5986, femail
박채우, 73, wso7606c@random.com, 9p7, 010-8-5986, femail
조지연, 44, m7uvd56h@random.com, yc7, 010-8-6086, mail
이채연, 44, js7e5ngg@random.com, bnr, 010-8-6086, femail
최채윤, 62, q3bj307b@random.com, yc8, 010-1-6618, femail
장지원, 05, t33kl5e9@random.com, d97, 010-2-0528, mail
박지서, 94, lqq2gkap@random.com, axb, 010-8-6285, femail
박채호, 94, lp450rxq@random.com, jh3, 010-8-6285, mail
김채아, 57, 6rpezadh@random.com, azs, 010-3-6638, femail
조주준, 38, nj2zeajq@random.com, t0g, 010-8-6485, femail
조지아, 38, vtlln1r4@random.com, shx, 010-8-6485, mail
이현윤, 06, ji9f9y4s@random.com, 32g, 010-8-6585, femail
윤예호, 06, 6iy1sfcn@random.com, aj5, 010-8-6585, mail
윤윤호, 84, cq4vh0dm@random.com, s6w, 010-8-6684, femail
윤현진, 84, h2783gix@random.com, ils, 010-8-6684, femail
강민은, 62, x8t75fq6@random.com, v9w, 010-8-6784, femail
윤현후, 05, ct6lakos@random.com, 3bd, 010-2-0528, femail
강현원, 28, w8kly5k3@random.com, eyc, 010-8-6884, femail
최민호, 28, 5oy6a95o@random.com, t95, 010-8-6884, mail
이현진, 99, afiqyvxi@random.com, 4jc, 010-8-6983, mail
임윤연, 99, isj91mlx@random.com, ixw, 010-8-6983, mail
김예준, 74, d2n4i74m@random.com, zug, 010-8-7083, mail
김서후, 74, 3pubnqkx@random.com, 4gw, 010-8-7083, mail
윤민준, 35, 5tes43cw@random.com, guh, 010-1-6718, mail
윤현아, 23, p7x4cui0@random.com, 0jn, 010-8-7283, femail
최지준, 23, dnz3jha6@random.com, vzf, 010-8-7283, mail
최지아, 93, gym7b83n@random.com, zf9, 010-8-7382, femail
조지후, 78, tvwcz2ji@random.com, 09q, 010-2-0627, femail
박민호, 93, 1rstzx6t@random.com, 88c, 010-8-7382, femail
김서연, 92, l6elnp90@random.com, k55, 010-8-7482, mail
정지원, 46, 27yhn2yt@random.com, qwl, 010-8-7582, femail
강채호, 46, scnfbcmp@random.com, k4r, 010-8-7582, mail
정현서, 17, 7ziqipuh@random.com, 4ex, 010-8-7682, femail
윤주우, 17, e0365tls@random.com, 9tq, 010-8-7682, femail
김서은, 95, 05frklak@random.com, xgv, 010-8-7781, mail
임현우, 68, lhdudi9l@random.com, etp, 010-8-7881, mail
임채서, 39, q3xx3eaw@random.com, duo, 010-8-7981, femail
임예진, 39, csmr0i6q@random.com, y2x, 010-8-7981, mail
윤지호, 78, v1z1jjxl@random.com, 3x7, 010-2-0627, femail
박하후, 14, o93dmx4t@random.com, 49d, 010-8-8081, mail
최지원, 14, tw60tljx@random.com, az3, 010-8-8081, femail
이주연, 85, egmmdssz@random.com, 45u, 010-8-8180, mail
장지윤, 06, 0qbwx0ns@random.com, 4kr, 010-2-6828, mail
김현후, 06, 40gqjgwv@random.com, xwy, 010-2-6828, mail
장예아, 36, fgtn157h@random.com, yig, 010-8-8380, mail
이채준, 36, 8bezq5tz@random.com, h5u, 010-8-8380, femail
임지후, 01, 96dfew4s@random.com, ze8, 010-8-8480, femail
임서서, 82, ws60ij7x@random.com, dwr, 010-7-8579, femail
이예준, 82, kuv77n2x@random.com, h9r, 010-7-8579, femail
박하준, 56, 0iq5lp5g@random.com, rtv, 010-2-0727, femail
임하서, 95, 7ztibd2z@random.com, nn2, 010-6-6867, mail
조민준, 95, s897njy3@random.com, hzb, 010-6-6867, femail
임지호, 23, e5i9wz7z@random.com, k81, 010-7-8779, femail
최하원, 23, yji4nx57@random.com, v5k, 010-7-8779, mail
최하연, 74, xkhkm6v1@random.com, ha8, 010-7-8978, mail
장민연, 74, b7gkm07n@random.com, 3cp, 010-7-8978, femail
강도호, 52, o6y5hdvn@random.com, gg1, 010-7-9078, mail
김채호, 52, km2fkruu@random.com, qel, 010-7-9078, mail
정현아, 82, lt45s4bb@random.com, 70i, 010-1-6917, mail
이윤원, 82, lmzc7xqx@random.com, h8z, 010-1-6917, femail
장채진, 56, ush22qyg@random.com, j9e, 010-2-0727, femail
장도서, 88, lnm8vcou@random.com, 66u, 010-7-9277, mail
김예윤, 88, qjm3lzr5@random.com, fz0, 010-7-9277, mail
이주은, 76, s1t746ux@random.com, 7mt, 010-3-6937, femail
김지연, 76, fqju2kos@random.com, x6e, 010-3-6937, mail
박지윤, 34, hmpuidh6@random.com, 0ti, 010-7-9477, mail
윤서진, 34, mz7pk3co@random.com, 2me, 010-7-9477, mail
정예호, 03, 8uowij0h@random.com, 67m, 010-7-9577, mail
정채윤, 03, 4s20s149@random.com, 9kk, 010-7-9577, mail
정지호, 03, cif9jo2b@random.com, 06g, 010-7-9577, mail
박지진, 78, m94zs7bz@random.com, ozm, 010-7-9676, femail
이주준, 22, 8ozf1m6d@random.com, 8jq, 010-2-0827, mail
윤지진, 78, xnqesq01@random.com, j8l, 010-7-9676, mail
강서진, 65, zfhoykqn@random.com, m3q, 010-7-6977, mail
이서호, 65, k7fayb1a@random.com, w2f, 010-7-6977, femail
강민우, 24, bgzg70t6@random.com, bsp, 010-7-9876, femail
이민은, 24, ghrcblbi@random.com, sks, 010-7-9876, mail
장주호, 97, mygw6sy2@random.com, lch, 010-7-9975, femail
최지호, 97, z3z9bk21@random.com, 8g5, 010-7-9975, mail
조도서, 97, iyxx2b0w@random.com, mb4, 010-7-9975, femail
강윤서, 57, o0pkv7vn@random.com, 571, 010-0-7007, femail
이주윤, 57, 8w66kzoz@random.com, hw2, 010-0-7007, femail
박지아, 04, 6a3vkq89@random.com, 6i9, 010-2-0927, femail
정현은, 46, qnqq0g0r@random.com, xw6, 010-7-0175, femail
이채윤, 46, 61cjgq2q@random.com, 1ak, 010-7-0275, mail
윤윤아, 24, gt6xkwbr@random.com, ayu, 010-7-0275, femail
장현은, 24, capg69wf@random.com, w5c, 010-7-0275, mail
임현서, 43, fh9k77u5@random.com, 3ux, 010-7-0574, femail
임채연, 25, zopld9h0@random.com, h2w, 010-7-0674, femail
조하연, 25, 52iq2qp1@random.com, 90z, 010-7-0674, mail
김지윤, 94, hrri2fz0@random.com, 71b, 010-7-0773, mail
임채후, 94, 80or9a83@random.com, 82l, 010-7-0773, femail
윤채은, 64, 7qxswozu@random.com, tpa, 010-7-0873, femail
최주진, 77, qzb8oqqb@random.com, asa, 010-2-1026, femail
임하우, 64, 6cc7kkxi@random.com, 8z2, 010-7-0873, femail
조서호, 37, k3z8xupg@random.com, m51, 010-7-0973, mail
윤윤연, 37, 5oeizfxm@random.com, ikz, 010-7-0973, femail
정지원, 31, t2h6ej7m@random.com, co9, 010-0-7107, femail
이현아, 31, 3z9r60aw@random.com, h2z, 010-0-7107, femail
강예연, 28, hc7def42@random.com, dyj, 010-1-7117, mail
임주연, 28, 7y2p1xd9@random.com, ptb, 010-1-7117, femail
장지호, 52, qxdgckft@random.com, bkq, 010-7-1272, femail
강현연, 52, 6hl8vxqx@random.com, k5z, 010-3-7137, mail
임지후, 23, 0fsbqg6k@random.com, ag1, 010-3-7137, femail
정윤윤, 46, p0ra7on4@random.com, hr2, 010-2-1126, mail
임지연, 83, xwgq65nf@random.com, 69y, 010-3-8732, mail
박윤연, 72, b8ybv4u5@random.com, mgv, 010-1-.714, femail
최민아, 72, qogv6egy@random.com, qpg, 010-1-.714, mail
박지후, 76, pptva5ps@random.com, w08, 010-7-1571, mail
김채후, 76, s1hh58ba@random.com, lj0, 010-7-1571, femail
조윤준, 49, jx3w2cap@random.com, tt9, 010-7-1671, femail
이주호, 49, ge84xd9t@random.com, jft, 010-7-1671, mail
정민서, 22, 3pr2gess@random.com, 86t, 010-7-1771, femail
조지진, 22, z0x2hs9z@random.com, 4sx, 010-7-1771, mail
이채우, 95, z2ix9ap0@random.com, k2f, 010-7-1870, femail
김예연, 73, p915rmfm@random.com, w97, 010-7-1970, mail
박도윤, 23, g3rudgsj@random.com, y41, 010-2-1226, femail
윤예아, 73, 6j5rkcx0@random.com, miq, 010-7-1970, femail
정현우, 43, jwdd6zp9@random.com, lj1, 010-7-2070, mail
윤하연, 43, 3u1sds55@random.com, xh0, 010-7-2070, mail
장주진, 11, op399181@random.com, lw0, 010-7-2170, mail
박현연, 11, ke9q70j2@random.com, 0i5, 010-7-2170, femail
정도호, 85, u29cfyft@random.com, ews, 010-6-2269, femail
임서서, 85, zstwcnqc@random.com, rzr, 010-6-2269, femail
윤민준, 85, gwjt9nmf@random.com, ziq, 010-6-2369, femail
강윤은, 58, ycafj66x@random.com, iyf, 010-6-2369, mail
정도윤, 58, 9sptc29f@random.com, wt1, 010-6-2369, femail
윤주원, 23, llqsr2ke@random.com, 2t0, 010-2-1226, femail
이하준, 33, bgqhzox0@random.com, w75, 010-6-2469, femail
조주아, 33, nz0gmikt@random.com, 56y, 010-6-2469, mail
조민아, 06, 8k5duaz4@random.com, 084, 010-6-2569, femail
장지원, 06, dhl8s32r@random.com, 1ja, 010-6-2569, femail
장민진, 88, 0uadu76k@random.com, 9g9, 010-6-7266, femail
윤하은, 88, qdca6nm5@random.com, 6nc, 010-6-7266, femail
조도윤, 55, yfn7qsll@random.com, mvq, 010-6-2768, femail
박서서, 55, 2n5zqup0@random.com, mwm, 010-6-2768, femail
이현아, 25, mv8f56du@random.com, a61, 010-6-2868, mail
김윤연, 25, 4fitavxq@random.com, ivf, 010-6-2868, mail
장지아, 59, qwick1rb@random.com, 5l2, 010-3-5132, mail
정현호, 25, 005yt3u2@random.com, n1r, 010-6-2868, mail
조지우, 98, agcscai0@random.com, e8g, 010-6-2967, femail
박현호, 98, 1idk5jiv@random.com, w6n, 010-6-2967, mail
정지연, 74, q91g5uq4@random.com, mlg, 010-6-3067, femail
김도연, 74, s5jjwo3x@random.com, tmh, 010-6-3067, mail
정지서, 47, yt3gp7ta@random.com, yom, 010-6-3167, mail
최지은, 47, bnduy0qh@random.com, 4xc, 010-6-3167, mail
이주준, 72, 1co6ujt6@random.com, qug, 010-2-7326, mail
이민은, 72, c21wqiz9@random.com, dhg, 010-2-7326, mail
정민윤, 69, efzwjq56@random.com, vrt, 010-3-7336, mail
임윤아, 59, iic1ulu4@random.com, 8bb, 010-3-5132, femail
임현우, 69, 5q78otfk@random.com, amo, 010-3-7336, mail
김지연, 75, frzicgu6@random.com, 17w, 010-6-3466, femail
윤채윤, 75, 1gm4noo9@random.com, g48, 010-6-3466, femail
장윤원, 41, tkfqo4if@random.com, zvd, 010-6-3566, mail
이지은, 41, prebifwv@random.com, ite, 010-6-3566, femail
정서진, 12, n48xr49e@random.com, itm, 010-6-3666, femail
윤지우, 12, awrddlty@random.com, ekx, 010-6-3666, mail
박민연, 59, u0645t5r@random.com, c3t, 010-7-7376, mail
윤민후, 59, 9f0kxsg7@random.com, 2kj, 010-7-7376, femail
박민연, 56, ranfnlob@random.com, 6rd, 010-8-7386, femail
윤예원, 65, rgx8cpjj@random.com, n5f, 010-2-1425, femail
정주호, 56, 7zhg4fpn@random.com, h2t, 010-8-7386, femail
장채준, 36, nqxts2t3@random.com, 9g1, 010-6-3965, femail
이현원, 36, wuh2x1wg@random.com, swd, 010-6-3965, femail
임주원, 07, os35rss8@random.com, h4l, 010-6-4065, mail
정하윤, 07, pkqufbj5@random.com, ewc, 010-6-4065, femail
조도은, 84, n4hg0g17@random.com, 9nl, 010-6-4164, mail
조주윤, 53, axzexz4o@random.com, lw1, 010-6-4264, femail
임민진, 53, j9tqin7z@random.com, 36n, 010-6-4264, femail
조윤은, 28, nfoyyaf4@random.com, 1r5, 010-6-4364, femail
박지원, 28, rvzv9fei@random.com, fps, 010-6-4364, femail
이윤은, 65, peq731c4@random.com, bm5, 010-2-1425, femail
임민원, 08, 4tevdhyv@random.com, tra, 010-6-4464, femail
박지연, 08, 7qlu1062@random.com, 5gu, 010-6-4464, mail
이도연, 74, z54f1yoc@random.com, dam, 010-6-4563, mail
정주진, 74, fsxqg15n@random.com, uhx, 010-6-4563, mail
박채아, 35, 2h0k84k1@random.com, 0o8, 010-6-7466, mail
정채준, 35, lhzj4ep2@random.com, 47h, 010-6-7466, mail
정지은, 32, u6x40rep@random.com, td3, 010-7-7476, femail
이지아, 32, y4or1n8x@random.com, c8j, 010-7-7476, femail
장민준, 96, j9m1ye9c@random.com, 1f3, 010-6-4862, mail
박현원, 69, wfm147vb@random.com, s4g, 010-6-4962, femail
최예준, 33, x2xr42oy@random.com, t0f, 010-2-1525, femail
이서아, 69, 68dmy0wc@random.com, gbg, 010-6-4962, femail
최채윤, 44, tsi5llde@random.com, 3qx, 010-6-5062, femail
박주아, 15, 7t5npsm5@random.com, 677, 010-6-5162, mail
임채진, 15, y2835clr@random.com, 0u0, 010-6-5162, femail
윤주원, 19, ctdq578k@random.com, vts, 010-2-7526, femail
강민호, 19, i2g13zcf@random.com, bcq, 010-2-7526, mail
임민은, 16, m8r8bqmg@random.com, pjr, 010-3-7536, femail
윤윤우, 16, 6rfepl1c@random.com, i95, 010-3-7536, mail
강민윤, 34, pnmaord1@random.com, zsw, 010-6-5461, femail
장지서, 11, oo76d57b@random.com, s6f, 010-5-7556, mail
장지서, 33, 6us277nv@random.com, xqm, 010-2-1525, femail
임도후, 11, 22cy2n0k@random.com, zeb, 010-5-7556, mail
최지서, 87, ivmyoh8r@random.com, tqw, 010-6-5660, mail
이현우, 06, 85if8tvh@random.com, 68v, 010-7-7576, femail
강예원, 06, 7evp7f6a@random.com, 7tl, 010-7-7576, mail
최지윤, 33, 1we8cfsi@random.com, 3h3, 010-6-5860, mail
김지아, 33, 94q7vdey@random.com, b8k, 010-6-5860, femail
정윤호, 02, 7k1fjtkx@random.com, jbi, 010-6-5960, femail
조주준, 02, by78xh2k@random.com, 457, 010-6-5960, femail
김하연, 75, xuxy8ile@random.com, bir, 010-5-6059, femail
김서후, 75, 95zsgncp@random.com, n17, 010-5-6059, mail
윤하아, 51, 0iduayde@random.com, yth, 010-6-5162, mail
윤지연, 43, n5f20m4i@random.com, 6t1, 010-5-6159, femail
임현서, 43, 6d8agn1m@random.com, kh8, 010-5-6159, mail
최채윤, 18, 66xwpnfh@random.com, r4q, 010-5-6259, femail
이지호, 18, 4a4o09jx@random.com, lg0, 010-5-6259, mail
장지진, 91, 7ok38pzm@random.com, xre, 010-5-6358, mail
임지은, 91, 5dyyv1tv@random.com, tlt, 010-5-6358, femail
조하서, 87, ditfrfyl@random.com, j0b, 010-4-7645, femail
조현후, 87, zvyrc8by@random.com, lr9, 010-4-7645, femail
김도연, 42, vhjeg87l@random.com, v9l, 010-5-6558, femail
조윤연, 42, 2np8wg7t@random.com, i8r, 010-5-6558, femail
최윤아, 51, hjtumdbc@random.com, 04b, 010-6-5162, mail
강주우, 54, rfw2um55@random.com, qyt, 010-3-8832, femail
박도준, 13, 2nz190pn@random.com, omo, 010-5-6658, femail
정도아, 13, n2o9l04c@random.com, fcm, 010-5-6658, femail
박도은, 86, xwjqe6yv@random.com, d90, 010-5-6757, mail
강지아, 86, 4q7ysm0w@random.com, nze, 010-5-6757, mail
이하아, 76, zcu3fecu@random.com, yb1, 010-8-7685, mail
최하진, 76, vwdthn5h@random.com, h0o, 010-8-7685, mail
박하후, 32, kitcz005@random.com, o76, 010-5-6957, femail
조민윤, 32, 0s6xik6l@random.com, j4s, 010-5-6957, mail
정예진, 08, tdem0kq0@random.com, cpc, 010-5-7057, femail
임하준, 08, 545svh31@random.com, ht1, 010-5-7057, femail
윤지서, 48, omp6ar7m@random.com, gjd, 010-7-5172, femail
김지윤, 68, zwl68g8e@random.com, j7m, 010-1-7715, mail
윤주호, 68, lnpfumul@random.com, pg9, 010-1-7715, femail
김민원, 56, u03gw8fw@random.com, x6n, 010-5-7256, mail
정현서, 56, w9eq2q47@random.com, jrx, 010-5-7256, mail
장현호, 56, olyns5xd@random.com, o73, 010-5-7256, mail
박현아, 27, 39udljr2@random.com, umf, 010-5-7356, femail
강채윤, 27, mokciz77@random.com, jv2, 010-5-7356, mail
최하연, 56, osrm9pln@random.com, 39o, 010-7-.774, femail
정서연, 56, ta7fhqvt@random.com, s30, 010-7-.774, femail
정하아, 57, dnf2rady@random.com, wu6, 010-5-7755, mail
이주후, 48, aoye0fye@random.com, rd4, 010-7-5172, mail
정윤원, 57, iphq0ig3@random.com, v12, 010-5-7655, femail
정지윤, 48, dm1xpruh@random.com, lmn, 010-5-7655, femail
윤채서, 52, sidxl6ib@random.com, d02, 010-7-7775, mail
최윤호, 52, 1i6t3ilu@random.com, vhg, 010-7-7775, mail
최서준, 92, 7btcce37@random.com, 04o, 010-5-7854, mail
이주원, 77, wczvhjay@random.com, j3b, 010-5-7954, mail
임도원, 77, ytc3uch2@random.com, z0c, 010-5-7954, mail
장민아, 45, 6xn63fw8@random.com, 36w, 010-0-7805, mail
장서서, 45, gpqctdr9@random.com, nmu, 010-0-7805, femail
조지진, 18, kp91oiv9@random.com, jrl, 010-5-8154, mail
강도연, 55, 4xs1cmzq@random.com, o7f, 010-2-1824, mail
최하원, 03, 2j6cp42t@random.com, 4k4, 010-5-8254, femail
장도서, 03, 30g6m56x@random.com, ype, 010-5-8254, femail
정예아, 74, 94txw04y@random.com, cir, 010-5-8353, mail
임채아, 74, a1das4p2@random.com, pkw, 010-5-8353, mail
조서우, 34, kqj6jf8o@random.com, d6v, 010-4-7845, femail
김민아, 34, u2iv5cv8@random.com, daj, 010-5-7855, mail
임채호, 32, 314m9x00@random.com, wmf, 010-5-7855, femail
이윤연, 88, 9haykrdc@random.com, r33, 010-5-8652, femail
김주은, 88, ba5px2ev@random.com, 847, 010-5-8652, mail
박지은, 61, qfyt4xqw@random.com, lcl, 010-5-8752, mail
강서아, 55, vm4smi4n@random.com, wyr, 010-2-1824, femail
이현진, 61, gui7sezs@random.com, zcc, 010-5-8752, femail
임서원, 34, ml1umoe2@random.com, plm, 010-5-8852, femail
정민호, 34, 4kzwgcvx@random.com, d5p, 010-5-8852, femail
이주진, 05, ewa0rr0r@random.com, s3c, 010-5-8952, femail
정주후, 83, ax4ipogh@random.com, iy8, 010-5-9051, femail
김예윤, 83, 2qkygj5a@random.com, b75, 010-5-9051, mail
최윤연, 46, asz31z7g@random.com, djk, 010-5-9151, mail
조주준, 46, ta4ktq2s@random.com, rn3, 010-5-9151, mail
이주아, 12, 85ouxfey@random.com, 4u6, 010-2-7925, femail
정민후, 12, elra2ili@random.com, vmr, 010-2-7925, mail
임지진, 28, bf99ylal@random.com, g8t, 010-2-1924, mail
강민은, 95, g9z2a9p0@random.com, sno, 010-5-9350, mail
정도준, 95, znelkizs@random.com, 9d0, 010-5-9350, femail
김지은, 68, dbyx7tif@random.com, of0, 010-5-9450, femail
조현은, 05, ezsqfyf9@random.com, wet, 010-5-7955, femail
최윤윤, 05, d4idb3s9@random.com, vzw, 010-5-7955, mail
정하연, 19, 72gc6d2e@random.com, vmz, 010-5-9650, femail
장윤원, 19, afhv4j20@random.com, rdi, 010-5-9650, femail
최윤윤, 99, 94nl4nph@random.com, n15, 010-7-7974, mail
임윤우, 99, y3rh9itm@random.com, a0v, 010-7-7974, femail
최주호, 96, 59nqathr@random.com, yyb, 010-8-7984, femail
박서우, 28, 3m7594hp@random.com, mj4, 010-2-1924, mail
김지호, 96, tcawoc48@random.com, jt5, 010-8-7984, mail
윤서은, 33, pchcxhnb@random.com, nt8, 010-4-9949, femail
이채원, 33, vcwvndlc@random.com, unh, 010-4-9949, mail
김지아, 91, jdh8l50t@random.com, zjb, 010-0-8004, femail
최하후, 91, o2b3wzto@random.com, rqf, 010-0-8004, mail
정예우, 82, rkw9tdi4@random.com, jns, 010-4-0148, femail
최지후, 82, jwgmk014@random.com, 5ib, 010-4-0148, mail
강하아, 55, cec7k7g2@random.com, 4md, 010-4-0248, mail
박현은, 55, r34n1rl0@random.com, z5n, 010-4-0248, femail
강윤윤, 28, ej1nqo3l@random.com, bvy, 010-4-0348, mail
이지은, 24, m5dfip9a@random.com, npo, 010-2-.520, femail
장서서, 28, v14bgwva@random.com, obk, 010-4-0348, femail
조도진, 03, v2y29q9g@random.com, 6kz, 010-4-0448, mail
윤윤후, 03, 2jubm999@random.com, 5k8, 010-4-0448, femail
정지후, 74, gdn9fpwx@random.com, 33i, 010-4-0547, mail
윤현윤, 75, mi33d2sk@random.com, h0m, 010-6-8064, mail
박서진, 75, zt8ewmqp@random.com, 3s3, 010-6-8064, mail
박주아, 22, n1gbz5xj@random.com, jlv, 010-4-0747, femail
이도준, 95, nqadcsx0@random.com, g0u, 010-4-0846, femail
정윤진, 95, gm4hwtl3@random.com, x7q, 010-4-0846, femail
장민진, 66, kx2rs71a@random.com, 0v5, 010-4-0946, mail
임하후, 24, 1hrrwxip@random.com, vly, 010-2-.520, mail
정윤진, 66, vymleh3p@random.com, 8sv, 010-4-0946, femail
이지준, 46, u37zwb59@random.com, xsg, 010-4-1046, femail
이현원, 17, b6bl28h3@random.com, 370, 010-4-1146, femail
강예윤, 17, bc53cgop@random.com, p7e, 010-4-1146, mail
윤예은, 59, cud3eqiz@random.com, 5hi, 010-2-8124, mail
윤채은, 59, leraqmed@random.com, t66, 010-2-8124, femail
임하은, 56, lxtq4vb5@random.com, zki, 010-3-8134, mail
강지호, 56, 0iuck6xg@random.com, 22c, 010-3-8134, mail
강지진, 34, whuaducu@random.com, ifw, 010-4-1445, femail
이지아, 34, g76fp1mv@random.com, 08s, 010-4-1445, mail
박하우, 76, 8s4z5wiu@random.com, u3a, 010-2-2123, mail
정현원, 07, ie09gl1v@random.com, q1n, 010-4-1545, mail
장예원, 07, za6op06i@random.com, 6l3, 010-4-1545, mail
박하연, 77, qtlx6vcz@random.com, iqr, 010-4-1644, femail
강하진, 77, z5chixk5@random.com, ink, 010-4-1644, mail
최현아, 45, rylg44fk@random.com, u4q, 010-7-8174, mail
윤예은, 45, rkp1zfnc@random.com, 0ms, 010-7-8174, mail
박지윤, 26, l5ow9eba@random.com, iy6, 010-4-1844, mail
윤현진, 26, evhvrjyx@random.com, 23t, 010-4-1844, mail
김민우, 44, go8j9n0i@random.com, i7e, 010-1-.819, femail
조주호, 44, wfiqsgjm@random.com, bb8, 010-1-.819, femail
정민윤, 47, e3n6lkx1@random.com, key, 010-2-2223, mail
박윤우, 39, ihmhryy1@random.com, 5c9, 010-3-8932, femail
장도연, 72, 976ptwwm@random.com, rcp, 010-4-2043, mail
장주서, 72, qs5a46av@random.com, cjg, 010-4-2043, mail
최예아, 47, l57sejc6@random.com, 0vr, 010-4-2143, mail
정민진, 47, jqumtw5u@random.com, jps, 010-4-2143, mail
이지은, 32, 4nn2ft7t@random.com, x5r, 010-2-8224, mail
김지우, 32, o5phgmka@random.com, 0jl, 010-2-8224, femail
임윤후, 43, nbjiha9p@random.com, i00, 010-2-.823, mail
임채연, 43, ylei2s7r@random.com, hbe, 010-2-.823, femail
박도윤, 67, wsvfibi6@random.com, v8g, 010-4-2442, femail
박주우, 25, 927bosza@random.com, 32i, 010-5-8254, femail
윤주연, 98, 194vyja3@random.com, 2r4, 010-3-2334, femail
장윤호, 25, ukq7jfjl@random.com, et0, 010-5-8254, mail
강윤호, 23, 6ypyv2xh@random.com, 09n, 010-6-8264, mail
이주연, 23, 6qzj1ph4@random.com, ju8, 010-7-8274, mail
박지연, 19, 7pxm01ao@random.com, 0zm, 010-7-8274, femail
이도윤, 17, lbtx6a16@random.com, fao, 010-8-8284, femail
김서은, 17, tp1fcmxk@random.com, w22, 010-8-8284, femail
김채원, 53, 737y3bc0@random.com, xuv, 010-4-2941, mail
김서우, 53, z9oglitb@random.com, sb3, 010-4-2941, mail
강주서, 17, f4isbcgl@random.com, 5yy, 010-4-3041, mail
정채호, 17, e8jc1p3j@random.com, 54h, 010-4-3041, femail
윤도은, 95, 8dpuu6a5@random.com, 96w, 010-2-2422, femail
임도후, 87, dktrjxfh@random.com, 880, 010-4-3140, femail
윤윤후, 87, 4fk17vws@random.com, n0s, 010-4-3140, mail
정윤준, 06, l68bztiz@random.com, ipy, 010-2-8324, femail
강윤진, 26, j0sm56n4@random.com, lt5, 010-4-3340, mail
박서호, 26, 9vzhr5sq@random.com, 8tx, 010-4-3340, femail
정서연, 04, 53wqbxld@random.com, 2ag, 010-4-3440, mail
임지준, 04, pduuio8c@random.com, q43, 010-4-3440, mail
박서우, 82, we7ujk1c@random.com, 39a, 010-3-3539, femail
윤현우, 82, nkv2nty1@random.com, 5ky, 010-3-3539, mail
장지우, 55, ncqh9ma9@random.com, 69q, 010-3-3639, femail
윤주준, 28, a1dfjvv0@random.com, iaz, 010-5-5252, femail
강지원, 55, o4y5lir3@random.com, pq2, 010-3-3639, femail
김윤서, 19, 8jf3hpw1@random.com, vc4, 010-3-3739, femail
강윤은, 19, 8soxrmp6@random.com, lnx, 010-3-3739, femail
최주윤, 92, gw2o4g2g@random.com, i8l, 010-3-3838, femail
정지아, 74, zfdhsaoh@random.com, oqh, 010-3-3938, mail
정채진, 74, pla4cc5x@random.com, fa2, 010-3-3938, mail
박채우, 54, 59gk8ixx@random.com, 9gk, 010-3-4038, femail
김주서, 54, r05xayuu@random.com, smg, 010-3-4038, femail
장지원, 13, 07awwpoz@random.com, 451, 010-3-4138, mail
최민원, 89, v1h1pkxz@random.com, tft, 010-3-4237, mail
정도진, 28, veemdt6h@random.com, 9p9, 010-5-5252, femail
정하은, 32, ko216s7t@random.com, v1r, 010-3-4437, femail
이윤준, 05, kf6ba7ju@random.com, 0fx, 010-3-4537, mail
윤서연, 05, xipd8vz1@random.com, ezp, 010-3-4537, femail
정주호, 83, icsbqldv@random.com, dqh, 010-3-4636, mail
강예후, 83, r9cqhqa1@random.com, ujo, 010-3-4636, mail
이민후, 59, pi5nk2c9@random.com, m0f, 010-3-4736, mail
박서준, 59, fumlqh9z@random.com, woe, 010-3-4736, femail
정하서, 24, 5s8lmk6d@random.com, x17, 010-3-4836, femail
장현은, 24, 4vikoofw@random.com, iya, 010-3-4836, mail
정하아, 36, t3azcgw4@random.com, 2cj, 010-4-.849, femail
임도우, 58, a73z7cj5@random.com, w2u, 010-2-2622, mail
정주연, 36, 7k7uy81w@random.com, rr8, 010-4-.849, mail
장주아, 78, 1rnpuo8v@random.com, tuh, 010-3-5035, mail
장주아, 78, km6otu72@random.com, axg, 010-3-5035, femail
이하원, 46, qnlj7gtc@random.com, z7o, 010-3-5135, femail
이현아, 46, 81oo8f1i@random.com, e9q, 010-3-5135, femail
윤지준, 52, ekxy8lfv@random.com, 3xb, 010-2-8523, femail
김지원, 52, 8atg8vde@random.com, 9lx, 010-2-8523, femail
장윤원, 94, 0i2zcdif@random.com, 2q4, 010-3-5334, femail
정윤준, 94, a8zn4d26@random.com, rzb, 010-3-5334, femail
강지원, 68, rpyozdno@random.com, 1b2, 010-3-5434, femail
정서우, 22, 8kecnhb0@random.com, zsx, 010-2-2722, mail
조도후, 68, ejri3bmc@random.com, hzi, 010-3-5434, mail
이하은, 45, rg3oyzxq@random.com, dk3, 010-5-8553, mail
임지원, 43, b9w2owl1@random.com, fwi, 010-6-8563, femail
정윤연, 39, ex7cb2ei@random.com, jgs, 010-7-8573, femail
김지준, 39, kbuz7mrs@random.com, d26, 010-7-8573, mail
장예아, 64, 8dukfmoi@random.com, cde, 010-3-5833, mail
김서윤, 64, 0rmvwgfz@random.com, d5y, 010-3-5833, mail
장윤윤, 42, uoeddmb6@random.com, mdy, 010-3-5933, femail
장윤후, 42, n0yl9pdf@random.com, qqo, 010-3-5933, femail
임예원, 13, ja225l1u@random.com, kju, 010-3-6033, mail
장지준, 22, t7lq692t@random.com, q64, 010-2-2722, mail
임현윤, 13, jgbf0xvr@random.com, bh7, 010-3-6033, femail
강현서, 86, jqk28f2r@random.com, phv, 010-3-6132, femail
조채은, 27, ywsldctf@random.com, ivg, 010-2-8623, mail
박민진, 27, 1rz72goe@random.com, aen, 010-2-8623, mail
임하진, 35, d9iw12ad@random.com, kjm, 010-3-6332, femail
박주원, 35, t4qjwh5s@random.com, 5f2, 010-3-6332, mail
강현서, 21, cyl0okmr@random.com, hws, 010-4-8643, mail
최예서, 78, 06w1dars@random.com, e67, 010-3-6531, mail
강민아, 78, 3e7yiyyw@random.com, ofy, 010-3-6631, femail
이민호, 56, d7ecwyt1@random.com, o7b, 010-3-6631, mail
정예연, 19, cu4codyo@random.com, 3mj, 010-8-5282, mail
장윤호, 24, 0bn1yrq5@random.com, dob, 010-3-6731, mail
조지진, 24, 696i566e@random.com, 2n8, 010-3-6731, mail
장도원, 95, g2eh5wso@random.com, zn2, 010-3-6830, femail
이도우, 95, b1rgw3z0@random.com, 0ij, 010-3-6830, mail
박주연, 68, rcyw8vk6@random.com, l09, 010-3-6930, femail
김하아, 53, sp5eddc5@random.com, 4qc, 010-3-7030, mail
임예연, 53, t5fxgzng@random.com, gb5, 010-3-7030, femail
김현준, 02, hnzfib8u@random.com, j8h, 010-1-8713, femail
김지서, 99, lwz05ozs@random.com, btm, 010-2-8722, mail
박예연, 99, d706vt0v@random.com, x0u, 010-2-8722, femail
강윤준, 19, at2stuvw@random.com, wmw, 010-8-5282, mail
박서아, 98, hclpahjd@random.com, mfr, 010-3-8732, mail
강예진, 45, 6stto9yp@random.com, lap, 010-2-7429, femail
강주아, 45, dibr3c90@random.com, cnp, 010-2-7429, mail
김현후, 13, y2iz9x72@random.com, gl1, 010-2-7529, mail
강지연, 13, xqe3u64u@random.com, rlu, 010-2-7628, mail
정예서, 87, s7apdzx6@random.com, 8z6, 010-2-7628, femail
조도우, 57, ad8uh05i@random.com, apw, 010-2-7728, femail
조윤원, 57, 4tr6vnjw@random.com, 5yp, 010-2-7728, mail
정윤진, 83, arr2e9mu@random.com, 50i, 010-8-8782, mail
조채연, 83, qe9u1xum@random.com, gfd, 010-8-8782, femail
장도진, 68, 8h28df5i@random.com, uvx, 010-2-2921, femail
강민호, 21, opbsyg5l@random.com, on6, 010-0-4903, mail
장주아, 06, t806qayj@random.com, 91t, 010-2-7928, femail
정하호, 06, 4spb7ml5@random.com, o8h, 010-2-7928, femail
이현윤, 79, gre72gvy@random.com, gvb, 010-2-8027, femail
김주윤, 61, 3reszz2j@random.com, i6r, 010-2-8127, mail
정서진, 61, 0omeoon8@random.com, l56, 010-2-8127, mail
최지준, 27, sqwcm0uo@random.com, hhd, 010-2-8227, mail
조예우, 27, neca8wdi@random.com, 17c, 010-2-8227, femail
조민우, 95, jwx9t5n8@random.com, gn2, 010-2-8326, femail
윤채연, 95, 6zs7wvvk@random.com, nzc, 010-2-8326, femail
임현윤, 69, ysm3v1lg@random.com, 9ei, 010-2-8426, mail
윤서준, 68, kiw7qx9l@random.com, imz, 010-2-2921, femail
이현진, 58, rsikjhay@random.com, rce, 010-2-8526, femail
조서우, 63, 4r706cln@random.com, ywv, 010-6-8862, femail
김예호, 63, cl9uokzr@random.com, jst, 010-6-8862, mail
윤민우, 95, 44n78jr7@random.com, 7mm, 010-2-8725, femail
임민은, 65, 410yigtf@random.com, vqa, 010-2-8825, mail
조현서, 65, v7wfrgnn@random.com, h6t, 010-2-8825, femail
최서준, 43, ek7t406p@random.com, ln9, 010-2-8925, mail
김윤아, 24, 0ilhsz80@random.com, ept, 010-2-9025, mail
최하진, 24, um5ho6hv@random.com, apm, 010-2-9025, mail
최도서, 49, 4j9k6bnk@random.com, yh3, 010-1-8912, femail
최지우, 38, sn762542@random.com, 2op, 010-2-3021, mail
윤하윤, 46, 58egcbvj@random.com, tcp, 010-2-8922, femail
최도은, 46, 7icurgda@random.com, l1s, 010-2-8922, femail
최주서, 45, bw269mlg@random.com, lal, 010-2-9324, mail
조채후, 13, ddqfjb2b@random.com, 7ue, 010-2-9424, femail
임도아, 13, 6ko9weip@random.com, y59, 010-2-9424, mail
박지윤, 84, ckgzy3ik@random.com, qvb, 010-2-9523, mail
이도은, 52, vivkf9tc@random.com, 91o, 010-2-9623, mail
강하준, 52, k41cy0jj@random.com, noz, 010-2-9623, mail
이하호, 23, neviiwcc@random.com, 1jh, 010-2-9723, femail
강민후, 23, lwga6htj@random.com, ipr, 010-2-9723, femail
이민아, 38, 9v1k0hvl@random.com, xt2, 010-2-3021, femail
최예연, 96, 1iefugxp@random.com, y7i, 010-2-9822, femail
임채은, 96, h571nntk@random.com, z0t, 010-2-9822, mail
이주윤, 74, 880br1fo@random.com, 4u3, 010-2-9922, femail
최예은, 42, ndqvd45n@random.com, 6ty, 010-2-0022, femail
최예진, 42, e9t6sosz@random.com, 33c, 010-2-0022, femail
강도진, 25, gggdu3po@random.com, lbw, 010-2-0122, mail
강도후, 25, biunwr1q@random.com, n6a, 010-2-0122, femail
윤주우, 19, rhrgbjxt@random.com, 0c8, 010-2-9022, femail
정지아, 19, 5n4zff55@random.com, r71, 010-2-9022, femail
강도은, 66, 59sc0oxf@random.com, kht, 010-2-0321, mail
정예진, 14, bd16lb2t@random.com, wxa, 010-2-3121, mail
장지서, 66, 64r18zli@random.com, pyt, 010-2-0321, mail
장현원, 44, 2dxs1arl@random.com, rrw, 010-2-0421, mail
이윤아, 12, gihl35cv@random.com, vm3, 010-2-0521, mail
장지은, 12, 9jfjsatq@random.com, gyg, 010-2-0521, mail
윤지진, 97, c2z5l7hm@random.com, yaq, 010-2-0620, femail
임하아, 97, j9yug8rf@random.com, th3, 010-2-0620, mail
장민호, 06, skaz6q0d@random.com, zlu, 010-7-9072, femail
최지호, 36, th1kuc73@random.com, dwc, 010-2-0820, mail
임민은, 36, xlhkt4bn@random.com, 2s5, 010-2-0820, femail
윤윤윤, 04, xxqiytzz@random.com, ob4, 010-2-0920, femail
이예윤, 84, r44df6jo@random.com, ld9, 010-2-3220, femail
장채후, 04, tth4o21m@random.com, bwb, 010-2-0920, mail
이도호, 75, daz5yxse@random.com, 8y2, 010-1-1019, mail
이도윤, 75, zk15clef@random.com, t55, 010-1-1019, femail
윤지진, 48, t5oh5lg1@random.com, 8ku, 010-1-1119, mail
이현호, 48, 9hsq2c4d@random.com, b97, 010-1-1119, mail
최서연, 92, mpv71g8x@random.com, fvz, 010-2-9121, mail
임지아, 92, 81bzu96q@random.com, wx4, 010-2-9121, mail
최예진, 94, ehiy30xu@random.com, 8bw, 010-1-1318, femail
윤서준, 94, teee9fio@random.com, 662, 010-1-1318, mail
최지후, 65, lnmn5v86@random.com, os4, 010-1-1418, femail
임지윤, 84, 07b33b3s@random.com, usx, 010-2-3220, mail
정윤아, 65, yy2pd2ex@random.com, 9se, 010-1-1418, mail
최윤윤, 84, pz2zx8x5@random.com, dgi, 010-5-9151, mail
정지후, 84, ikohqhke@random.com, sr8, 010-5-9151, femail
강서은, 13, v8b6mtgd@random.com, rkd, 010-1-1618, femail
최민준, 13, qe7nkf24@random.com, yih, 010-1-1618, femail
윤하후, 13, 38ikf4uo@random.com, g4h, 010-1-1618, femail
조지연, 86, rvkxjd2h@random.com, gj9, 010-1-1717, femail
정지후, 86, bo9rzfbg@random.com, jf8, 010-1-1717, femail
조채은, 76, 9dnnev2p@random.com, wo5, 010-8-9181, mail
정도윤, 76, 91sbq8dx@random.com, zis, 010-8-9181, femail
김지후, 55, ft4x5t7c@random.com, j0w, 010-2-3320, mail
김현서, 35, d5w60bsz@random.com, hjy, 010-1-1917, mail
윤지원, 35, dnfva1xb@random.com, itj, 010-1-1917, femail
강서아, 05, sp85hrs5@random.com, wsr, 010-1-2017, mail
조채아, 05, kfoqs9vq@random.com, 61r, 010-1-2017, mail
윤현은, 79, jai1gq0y@random.com, gvu, 010-1-2116, femail
강지윤, 79, mdcdk308@random.com, s0f, 010-1-2116, mail
강현원, 52, hon8d84j@random.com, jet, 010-1-2216, mail
김주후, 52, rb2ip4ge@random.com, cdm, 010-1-2216, femail
정채윤, 37, tk4w4c02@random.com, z59, 010-1-2316, femail
김민연, 16, wnaqagih@random.com, gmb, 010-2-.924, femail
장현아, 55, htkz8ksb@random.com, max, 010-2-3320, femail
임윤서, 16, 2qq40zrj@random.com, 743, 010-2-.924, mail
강현아, 73, t442iwwx@random.com, pt2, 010-1-2515, femail
이채진, 73, 3pcu8r1i@random.com, 6ed, 010-1-2515, femail
최지준, 73, b5zajzuy@random.com, srt, 010-1-2615, femail
윤지아, 46, 7v3rd8hz@random.com, 1ly, 010-1-2615, femail
정민우, 46, 47rnjazw@random.com, 4rb, 010-1-2615, femail
정지서, 22, uwkw2ssd@random.com, zuu, 010-1-2715, mail
이주서, 22, 2ogcsmcs@random.com, gi4, 010-1-2715, mail
박윤진, 92, 1orf6dbr@random.com, cfx, 010-1-2814, mail
조윤은, 92, lppek7rf@random.com, hc3, 010-1-2814, femail
장지원, 28, u8ydlayb@random.com, sbg, 010-2-3420, mail
박예연, 65, cgkmzi6j@random.com, 3kl, 010-1-2914, mail
강지준, 65, wns9ahan@random.com, 8kf, 010-1-2914, femail
장현준, 48, 1o32aws6@random.com, wzx, 010-1-3014, mail
최예진, 48, v0cxi7d0@random.com, fgm, 010-1-3014, mail
김지준, 14, nopoynqp@random.com, ulp, 010-1-3114, mail
강지진, 14, 65d3kajl@random.com, 6z3, 010-1-3114, mail
강민우, 92, 51uk7xkj@random.com, 0m5, 010-1-3213, mail
조주우, 92, 1zvjb5x2@random.com, tnj, 010-1-3213, femail
김하호, 36, fgq5sek6@random.com, ogp, 010-3-9331, mail
이서후, 36, 56r7uoek@random.com, eqt, 010-3-9331, femail
장서아, 04, zxpbt754@random.com, u0h, 010-2-3520, femail
조예서, 82, rae2bfq9@random.com, a6k, 010-3-9131, mail
정민서, 35, ju8e62yb@random.com, kcz, 010-1-3413, femail
최채호, 35, ltm6jom6@random.com, u32, 010-1-3413, mail
최주원, 31, azzdkse7@random.com, 78w, 010-5-9351, mail
윤지우, 31, 0kmaujz3@random.com, lu3, 010-5-9351, mail
이지윤, 81, 0cucap2c@random.com, rsr, 010-1-3612, femail
박지호, 81, 5u2lgus1@random.com, aom, 010-1-3612, femail
윤주후, 57, qnldjgem@random.com, c50, 010-1-3712, mail
임서준, 57, zjk3flw2@random.com, q1o, 010-1-3712, femail
박하후, 23, qygrkq98@random.com, g9c, 010-8-9381, mail
정현호, 03, cfj6m8r1@random.com, o70, 010-1-3912, mail
조예원, 04, 4ly51qj9@random.com, 8lf, 010-2-3520, mail
강도우, 03, uftbb9kc@random.com, 6ys, 010-1-3912, femail
강지서, 76, llarm3qf@random.com, 4hg, 010-1-4011, mail
장채원, 76, 23qc4kut@random.com, av0, 010-1-4011, mail
최지원, 47, qhwph023@random.com, 7h9, 010-1-4111, femail
이주아, 47, r64r6cfq@random.com, v63, 010-1-4111, mail
김지호, 24, tgm7960t@random.com, cjv, 010-1-4211, mail
임윤원, 24, n3p5lde4@random.com, mae, 010-1-4211, femail
정현윤, 11, 6jpcga5x@random.com, djv, 010-4-.943, mail
윤윤준, 11, ecjhgcev@random.com, ppp, 010-4-.943, femail
최서원, 07, cww9er1c@random.com, 5b1, 010-4-9441, mail
윤하원, 98, ayiteogg@random.com, tlk, 010-6-5361, femail
임현원, 07, vterrlk5@random.com, 5oz, 010-4-9441, mail
정윤후, 48, dombrpts@random.com, 3co, 010-1-4510, femail
김지아, 48, mm8teb21@random.com, ddf, 010-1-4510, femail
박주연, 14, wr0z8rv1@random.com, sil, 010-1-4610, mail
장민진, 14, wmxciz92@random.com, 5h7, 010-1-4610, mail
이현호, 87, p5j76sab@random.com, kad, 010-0-4709, mail
임민연, 87, pd21qxpq@random.com, o2t, 010-0-4709, mail
강주호, 97, wia3jzyf@random.com, bct, 010-8-9480, mail
임하호, 97, 8y5dtwxm@random.com, 0gu, 010-8-9480, mail
최주후, 33, ct15g3m2@random.com, qyf, 010-0-4909, femail
이지준, 98, v863vmq3@random.com, h2s, 010-6-5361, femail
임주후, 33, 1zx69vpf@random.com, qx6, 010-0-4909, femail
최예원, 04, 0uc0kgq1@random.com, fv0, 010-0-5009, mail
박주준, 04, cbokbaip@random.com, dnx, 010-0-5009, femail
임지준, 82, 5regeek7@random.com, yck, 010-0-5108, mail
강지진, 82, hvau8zj1@random.com, f2v, 010-0-5108, mail
임주원, 82, 64cq1m2x@random.com, chl, 010-0-5108, mail
윤서진, 53, 8ykpp1en@random.com, zqm, 010-0-5208, mail
최채서, 53, vssb8bh1@random.com, uuo, 010-0-5208, mail
최채원, 26, dfqnppps@random.com, pwz, 010-0-5308, femail
윤지우, 26, 0lvimars@random.com, 6cp, 010-0-5308, mail
윤윤원, 95, quc698b2@random.com, lkr, 010-7-5371, femail
조서아, 08, lo1bxs7s@random.com, ylm, 010-5-.954, femail
이주은, 08, 8kynec05@random.com, h12, 010-5-.954, mail
김도원, 74, yqzau0z7@random.com, zcu, 010-0-5507, mail
강하호, 74, erp83d59@random.com, 5zk, 010-0-5507, mail
장도서, 45, qp8o5hfa@random.com, pp7, 010-0-5607, femail
윤민원, 45, hwzo2k8s@random.com, 0f2, 010-0-5607, mail
김도호, 18, 56zs1y86@random.com, wh5, 010-0-5707, mail
조예은, 18, baxlfm1o@random.com, 1v6, 010-0-5707, femail
이지아, 18, qndfwmz6@random.com, 5zj, 010-0-5707, mail
최윤후, 93, 1qc1jdaj@random.com, acg, 010-0-5806, femail
김서연, 95, 9ebmoo6y@random.com, ywy, 010-7-5371, mail
김예아, 93, j98tt89t@random.com, bm6, 010-0-5806, femail
박윤은, 66, lck43e3t@random.com, b5m, 010-0-5906, femail
이예후, 66, okhwoaah@random.com, 96a, 010-0-5906, femail
이현서, 44, 0ded2sff@random.com, q8z, 010-0-6006, mail
정지준, 17, c36lde75@random.com, zf6, 010-0-6106, mail
윤서준, 17, qfnl7e1o@random.com, h64, 010-0-6106, mail
이민서, 59, kb2mlahl@random.com, n9q, 010-2-9620, mail
최지서, 59, mpfk1c75@random.com, evd, 010-2-9620, femail
임지윤, 63, mn3z7kfo@random.com, 8vb, 010-0-6305, femail
최주준, 63, wvlmoupr@random.com, t55, 010-0-6305, mail
조민윤, 18, 2bvi37kf@random.com, 3dq, 010-1-3819, femail
조도우, 34, uji7y7bd@random.com, sgt, 010-0-6405, femail
조서아, 34, 9bpw6gly@random.com, mi9, 010-0-6405, mail
김하아, 51, otfz4mpr@random.com, d79, 010-5-9650, femail
임서원, 51, 21ks7u6k@random.com, ex4, 010-5-9650, mail
최예후, 82, sousfw1p@random.com, xwg, 010-0-6604, mail
장하후, 82, awk3o9yo@random.com, he3, 010-0-6604, mail
조주호, 47, 6gtw28ku@random.com, yxx, 010-7-9670, femail
김지은, 47, zywpc86y@random.com, pen, 010-7-9670, mail
김주은, 33, donwkrp5@random.com, jk4, 010-0-6804, mail
정주은, 33, nb7ngk8s@random.com, z34, 010-0-6804, mail
강도연, 03, ng6d3r0w@random.com, zqw, 010-1-3919, femail
윤예원, 41, 2urwugxl@random.com, 8fi, 010-9-9690, femail
조하서, 41, kppr1h5d@random.com, 43c, 010-9-9690, femail
임민서, 75, jkalrq21@random.com, o42, 010-0-7003, mail
최서은, 75, x4oo5k06@random.com, 3ox, 010-0-7003, mail
김윤윤, 52, ci7d00qq@random.com, 2hc, 010-0-7103, femail
윤채은, 52, j7q3p9qd@random.com, lqf, 010-0-7103, mail
김현연, 28, abtawqy7@random.com, 983, 010-0-7203, mail
장채원, 28, 409oemz6@random.com, x5o, 010-0-7203, mail
장지아, 03, 48xpegx2@random.com, 0vw, 010-0-7303, femail
조하호, 03, h6qt6xc0@random.com, k00, 010-0-7303, mail
이민호, 03, a2rfydev@random.com, ils, 010-1-5401, mail
윤주호, 72, 7go2z5sv@random.com, i8j, 010-0-7402, mail
최민은, 47, oll2sljd@random.com, m5p, 010-0-7502, femail
김지호, 47, fiawljbc@random.com, inm, 010-0-7502, mail
정현윤, 18, u3rd3j5j@random.com, qoo, 010-0-7602, femail
임윤후, 88, mfd8aftg@random.com, uwv, 010-0-7701, mail
윤예호, 88, qk2rlh6i@random.com, qtr, 010-0-7701, femail
임지호, 88, 6kk0rwdj@random.com, 1sn, 010-0-7701, mail
윤서연, 61, qsv7cmbw@random.com, xqq, 010-0-7801, mail
강지아, 61, n0mc98vu@random.com, 2vq, 010-0-7801, femail
임채준, 34, mu7z0zeo@random.com, 103, 010-0-7901, mail
이현은, 88, 7i35cb4s@random.com, exp, 010-0-5401, mail
이지서, 07, ybjvt45n@random.com, 91l, 010-0-8001, mail
정주원, 07, 43cyxa27@random.com, qbq, 010-0-8001, femail
정주연, 07, zi1f9l5e@random.com, 8c1, 010-0-8001, mail
조채준, 78, h6s2boi1@random.com, f8i, 010-0-8100, femail
조지아, 78, qq1yagcj@random.com, 7ru, 010-0-8100, mail
장하윤, 54, 25u3lglg@random.com, kc7, 010-0-8200, mail
정하우, 97, jrhq8jt9@random.com, pue, 010-9-8399, mail
김윤연, 97, jgl8416f@random.com, l3j, 010-9-8399, mail
윤지은, 73, uv3frxqb@random.com, e5f, 010-9-8499, femail
이지아, 73, dzv07b05@random.com, 9yg, 010-9-8499, femail
윤채후, 44, 3m6ifd31@random.com, iex, 010-1-4118, femail
박도우, 82, naivpxc5@random.com, vli, 010-3-9131, mail
정주서, 48, ku9im3tp@random.com, 5zq, 010-9-8599, mail
이민준, 48, l5qm6sny@random.com, kcy, 010-9-8599, mail
강지윤, 21, y5maj2r4@random.com, 3vk, 010-9-8699, mail
정주서, 21, nbwbyhoo@random.com, 5mf, 010-9-8699, femail
임하우, 94, ju93udiz@random.com, 5eh, 010-9-8798, mail
조도은, 94, so38azxu@random.com, 9l5, 010-9-8798, femail
조현준, 67, 8c2bbriv@random.com, 8gq, 010-9-8898, femail
장윤서, 86, nvu8wyft@random.com, vs9, 010-9-9899, mail
장예윤, 86, 8z0lkqq0@random.com, hx7, 010-9-9899, femail
이지서, 18, z46w9vfm@random.com, ywd, 010-9-9098, mail
박하진, 24, txdvxlp4@random.com, 640, 010-1-4218, mail
조지진, 91, v4nfya60@random.com, x66, 010-9-9197, mail
강현준, 91, siwviic7@random.com, h42, 010-9-9197, femail
장서연, 64, w6zpuffi@random.com, n0o, 010-9-9297, mail
박채은, 33, g4bpty18@random.com, 0al, 010-9-9397, mail
김서연, 33, km8zmm5y@random.com, mtt, 010-9-9397, mail
윤지연, 08, cwkpxqik@random.com, vyy, 010-9-9497, femail
정채아, 08, jiuv5cim@random.com, nrf, 010-9-9497, femail
정지연, 08, aqt3lpzc@random.com, gdr, 010-9-9596, femail
김채호, 83, wwykrm9f@random.com, 06y, 010-9-9596, mail
김도은, 52, s0f70mn9@random.com, p99, 010-9-9696, mail
이도은, 24, jo9eo419@random.com, y8z, 010-1-4218, femail
이하원, 52, dg1b1tcc@random.com, czn, 010-9-9696, femail
최하아, 63, qj36n7u6@random.com, 8uf, 010-7-9979, mail
김예은, 63, hqi6yzep@random.com, g1g, 010-7-9979, mail
김도진, 96, 39yaaa73@random.com, t8p, 010-9-.998, mail
임서윤, 96, uv2unm1s@random.com, vgg, 010-9-.998, femail
강현원, 73, j7ow8kyh@random.com, vin, 010-9-9995, femail
강채후, 73, 3vo04izo@random.com, 8ls, 010-9-9995, femail
강예후, 55, ovrsvpn3@random.com, rz0, 010-0-0009, femail
이채호, 55, k7mgkd71@random.com, l9h, 010-0-0009, mail
장주은, 17, 9mv2fr5d@random.com, iwl, 010-9-0195, mail
이도진, 79, ngf7sg27@random.com, nac, 010-3-5431, femail
강민준, 17, 3jh2vjv7@random.com, dp7, 010-9-0195, mail
이지은, 95, aszj5jfv@random.com, lkh, 010-9-0294, mail
김윤호, 95, 4p670fhz@random.com, bt6, 010-9-0294, mail
이지준, 68, r0rczrzy@random.com, ghz, 010-9-0394, mail
임현은, 68, 6wn13w6n@random.com, myn, 010-9-0394, mail
이하진, 46, 4jtp3wlq@random.com, g06, 010-9-0494, femail
정주후, 46, domn5glj@random.com, qso, 010-9-0494, mail
이도은, 42, 6ptapst6@random.com, 19d, 010-5-0059, femail
정도호, 42, y7qli9ea@random.com, rq6, 010-5-0059, femail
박지연, 39, mvohi0dw@random.com, ye9, 010-6-0069, mail
강지윤, 79, pexmmc89@random.com, 2j1, 010-3-5431, mail
정예원, 94, ny7iwffx@random.com, da4, 010-3-0238, femail
임민아, 11, qfwq4en8@random.com, kbl, 010-8-2489, femail
최윤진, 11, slyzi9ex@random.com, kmb, 010-8-2489, femail
최채준, 84, kqaco6d6@random.com, xh5, 010-8-2588, mail
최하후, 84, gn3tj49v@random.com, wcs, 010-8-2588, femail
정현연, 86, 0ct5llo6@random.com, pev, 010-6-0268, mail
정주은, 86, u4gm5t0n@random.com, 5ca, 010-6-0268, mail
이도진, 83, padkj3up@random.com, 764, 010-7-0278, mail
강예윤, 83, xqsdjlro@random.com, bms, 010-7-0278, femail
강예연, 01, sxxubooi@random.com, egx, 010-8-2888, mail
정예준, 76, tm7acun3@random.com, ca1, 010-4-5441, mail
이지후, 01, tjwl5eni@random.com, 15d, 010-8-2888, femail
강윤연, 74, qr6bwa1k@random.com, ug4, 010-8-2987, femail
박지호, 74, rovh6eyy@random.com, jf6, 010-8-2987, mail
장하서, 75, mhhe8mio@random.com, ltl, 010-0-0308, femail
박서윤, 75, g53xjh19@random.com, mgc, 010-0-0308, femail
강서연, 23, sq4bt15t@random.com, 9k5, 010-8-3187, mail
정서호, 98, pprmo3nf@random.com, sfl, 010-8-3286, mail
김윤후, 98, s51dohiu@random.com, 80h, 010-8-3286, mail
조지서, 98, gqscp2h6@random.com, h8x, 010-8-3286, femail
이지준, 71, mx8twk5y@random.com, ofi, 010-8-3386, mail
최예연, 76, kfpph808@random.com, 6rn, 010-4-5441, mail
윤윤우, 47, 2fsld8cj@random.com, njm, 010-8-3486, femail
조지진, 47, zgia4a1j@random.com, cn3, 010-8-3486, femail
박도은, 15, jzqq7xpp@random.com, v1u, 010-8-3586, femail
조서서, 15, w70k2wl8@random.com, zkl, 010-8-3586, mail
조주은, 88, kget6ecj@random.com, 865, 010-8-3685, femail
임지후, 88, rzj47plo@random.com, sps, 010-8-3685, mail
이윤서, 56, d7ccwuco@random.com, obb, 010-7-0378, mail
조지준, 56, fxaubnoh@random.com, 8qr, 010-7-0378, mail
최예호, 56, snc4s3ip@random.com, twi, 010-7-0378, femail
최채연, 34, d8ypyn2c@random.com, 9io, 010-8-3885, femail
조하진, 32, 95ul0znx@random.com, 69j, 010-1-4517, mail
박도서, 34, s8pvsnfm@random.com, 04d, 010-8-3885, mail
윤채우, 07, zhnuns6h@random.com, 4ob, 010-8-3985, mail
장채아, 07, 59bzylo3@random.com, dqc, 010-8-3985, femail
조지서, 78, w68bdizd@random.com, 7o0, 010-8-4084, femail
임하연, 78, v58e74dd@random.com, 70i, 010-8-4084, femail
임민서, 56, 3rndmf2b@random.com, 2wz, 010-8-4184, mail
정지아, 56, fc35a4ul@random.com, lfm, 010-8-4184, mail
강도원, 26, n2q6r35z@random.com, g5d, 010-8-4284, mail
임민우, 26, sb52u4eg@random.com, 5tt, 010-8-4284, femail
김윤우, 02, a8s5a24p@random.com, tkv, 010-8-4384, mail
장지후, 32, xbmwuj08@random.com, hx2, 010-1-4517, femail
윤현호, 02, q84x8num@random.com, 736, 010-8-4384, mail
조하우, 02, pdqxnf6e@random.com, pe7, 010-8-4384, mail
정도원, 75, 1zjdbum5@random.com, 3xe, 010-8-4483, mail
임하아, 75, za2lz58v@random.com, lfb, 010-8-4483, mail
이지서, 48, e2d5uevm@random.com, h4a, 010-8-4583, femail
장예우, 48, ju2k8clw@random.com, s6e, 010-8-4583, femail
임지연, 32, jb44pqtv@random.com, tiy, 010-6-0468, femail
윤윤윤, 32, olndi300@random.com, rqb, 010-6-0468, femail
박도진, 94, rcn9act2@random.com, v19, 010-8-4782, femail
박윤준, 94, jahzg4el@random.com, xpx, 010-8-4782, mail
박현준, 07, i568lbcy@random.com, pi7, 010-1-4617, femail
정하아, 67, ygbfme6j@random.com, ib2, 010-8-4882, mail
김윤은, 67, qkrw2yry@random.com, e3h, 010-8-4882, femail
정서아, 47, s3o55y0n@random.com, uzb, 010-8-4982, mail
최하진, 47, 7w5eup0p@random.com, 9n7, 010-8-4982, femail
강서연, 23, xjkoizwf@random.com, wqk, 010-8-5082, femail
김도연, 23, w822mfku@random.com, r3b, 010-8-5082, mail
김하연, 93, g33ve0qg@random.com, glw, 010-8-5181, femail
조지서, 93, xqx2zu2y@random.com, bof, 010-8-5181, mail
이채아, 93, qx0jii5q@random.com, vu4, 010-8-5281, femail
강윤윤, 62, m2g5dyrf@random.com, nbe, 010-8-5281, femail
윤도원, 78, 0qy7nvel@random.com, tjh, 010-1-4716, femail
이주진, 15, znnqlx50@random.com, 846, 010-2-4923, femail